<?xml version="1.0" encoding="UTF-8" standalone="no"?>
<project>
  <add-on id="spring.web"/>
  <disabled-container path="com.genuitec.runtime.library/com.genuitec.hibernate_4.1"/>
  <disabled-container path="com.genuitec.runtime.library/com.genuitec.spring_4.1"/>
  <container path="com.genuitec.runtime.library/com.genuitec.generic_7.0">
    <jar-attrs id="data/libraryset/EE_7//javaee-api-7.0.jar">
      <attribute name="source-path" value="C:\Users\Cyl15\AppData\Local\Temp\.org.sf.feeling.decompiler1515719198075\source\javaee-api-7.0-sources-1515728669616.jar"/>
      <attribute name="source-path-root"/>
      <attribute name="javadoc_location" value="http://docs.oracle.com/javaee/7/api/"/>
    </jar-attrs>
  </container>
</project>
